id,fullName,gender,age,username,email,sessions,Profile_Pic,day 1,day 2,day 3,day 4,day 5,day 6,day 7
0,Mayme Quinn,female,30,mQuinn,mQuinn@example.com,39,37.jpg,7,6,7,4,8,1,7
3,Minerva Buchanan,female,29,mBuchanan,mBuchanan@example.com,38,59.jpg,3,5,2,4,3,3,1
4,Eliza Simmons,female,40,eSimmons,eSimmons@example.com,82,93.jpg,6,8,8,10,1,4,4
9,Ethel Walsh,female,21,eWalsh,eWalsh@example.com,28,135.jpg,7,1,3,10,4,5,3
11,Mildred Dennis,female,30,mDennis,mDennis@example.com,87,143.jpg,6,4,9,5,6,9,6
12,Genevieve Chandler,female,28,gChandler,gChandler@example.com,74,137.jpg,8,2,3,5,6,10,2
14,Charlotte Davidson,female,18,cDavidson,cDavidson@example.com,80,155.jpg,2,1,5,4,9,4,2
18,Estelle Patton,female,18,ePatton,ePatton@example.com,7,159.jpg,4,3,0,0,0,0,0
19,Ella Spencer,female,36,eSpencer,eSpencer@example.com,63,165.jpg,5,8,7,1,1,5,4
21,Hannah Hawkins,female,25,hHawkins,hHawkins@example.com,27,179.jpg,10,8,1,10,10,2,2
22,Eugenia Tyler,female,25,eTyler,eTyler@example.com,19,189.jpg,3,3,8,2,10,1,4
23,Lou Patterson,female,35,lPatterson,lPatterson@example.com,89,193.jpg,8,10,3,3,2,7,9
24,Mae Leonard,female,29,mLeonard,mLeonard@example.com,83,213.jpg,9,3,2,8,8,7,9
26,Madge Berry,female,18,mBerry,mBerry@example.com,57,223.jpg,4,10,1,5,9,5,4
27,Rosie Wells,female,20,rWells,rWells@example.com,65,228.jpg,2,3,5,1,1,3,1
30,Rena Burns,female,26,rBurns,rBurns@example.com,83,235.jpg,8,6,2,5,4,10,1
33,Rena Drake,female,22,rDrake,rDrake@example.com,53,240.jpg,5,1,1,1,2,8,9
34,Sara Cummings,female,18,sCummings,sCummings@example.com,93,251.jpg,4,1,10,10,1,4,2
35,Lola Potter,female,23,lPotter,lPotter@example.com,70,253.jpg,5,6,1,1,6,3,6
36,Genevieve Holloway,female,38,gHolloway,gHolloway@example.com,31,254.jpg,6,3,3,8,1,8,2
37,Lida Phelps,female,29,lPhelps,lPhelps@example.com,22,337.jpg,9,6,7,8,2,6,3
38,Mae Bridges,female,36,mBridges,mBridges@example.com,39,353.jpg,1,7,3,5,8,8,10
42,Mittie Doyle,female,21,mDoyle,mDoyle@example.com,91,362.jpg,4,8,4,1,3,1,9
43,Josephine Simpson,female,21,jSimpson,jSimpson@example.com,1,376.jpg,1,0,0,0,0,0,0
46,Leona Morton,female,18,lMorton,lMorton@example.com,15,381.jpg,9,1,6,10,3,1,8
47,Winifred Robertson,female,23,wRobertson,wRobertson@example.com,19,402.jpg,4,9,2,2,2,1,5
48,Gertrude Townsend,female,23,gTownsend,gTownsend@example.com,97,419.jpg,3,6,2,9,8,5,6
1,Austin May,male,26,aMay,aMay@example.com,6,0.jpg,3,2,0,1,0,0,0
2,Alejandro Gregory,male,24,aGregory,aGregory@example.com,80,1.jpg,1,8,2,1,5,2,6
5,Richard Lane,male,35,rLane,rLane@example.com,3,2.jpg,3,0,0,0,0,0,0
6,Eric Dixon,male,23,eDixon,eDixon@example.com,32,3.jpg,3,1,2,4,7,2,4
7,Glenn Sherman,male,38,gSherman,gSherman@example.com,85,17.jpg,10,7,4,3,6,3,3
8,Dennis Jimenez,male,32,dJimenez,dJimenez@example.com,39,6.jpg,6,1,2,10,8,7,6
10,Nicholas Campbell,male,32,nCampbell,nCampbell@example.com,99,19.jpg,9,4,2,7,6,7,2
13,Mike Keller,male,25,mKeller,mKeller@example.com,73,31.jpg,9,3,1,9,2,3,4
15,Marcus Colon,male,20,mColon,mColon@example.com,28,18.jpg,6,1,6,4,4,2,6
16,Glenn Soto,male,25,gSoto,gSoto@example.com,87,28.jpg,7,10,7,8,2,10,7
17,Thomas Parker,male,33,tParker,tParker@example.com,52,32.jpg,7,2,5,4,5,6,8
20,Cody Flowers,male,31,cFlowers,cFlowers@example.com,92,30.jpg,6,2,3,4,9,8,3
25,Julian Baker,male,33,jBaker,jBaker@example.com,52,29.jpg,10,6,10,8,9,9,1
28,Luis Gregory,male,20,lGregory,lGregory@example.com,49,26.jpg,10,5,1,1,8,1,2
29,Harry Kennedy,male,39,hKennedy,hKennedy@example.com,86,35.jpg,4,3,7,2,1,4,1
31,Howard McLaughlin,male,19,hMcLaughlin,hMcLaughlin@example.com,66,43.jpg,10,7,8,8,3,1,5
32,Clifford Dixon,male,36,cDixon,cDixon@example.com,5,49.jpg,1,2,2,0,0,0,0
39,Mark Webb,male,23,mWebb,mWebb@example.com,40,52.jpg,2,8,9,10,3,9,6
40,Aaron Hayes,male,25,aHayes,aHayes@example.com,65,39.jpg,5,1,4,3,9,10,7
41,Tommy Vega,male,20,tVega,tVega@example.com,54,62.jpg,7,8,8,8,5,4,6
44,Gavin Sutton,male,22,gSutton,gSutton@example.com,36,60.jpg,4,5,5,6,10,1,6
45,Jerry Marsh,male,23,jMarsh,jMarsh@example.com,52,68.jpg,7,7,10,7,1,10,10
49,Elijah Chavez,male,21,eChavez,eChavez@example.com,99,85.jpg,10,5,8,2,4,9,4
